record_id,cluster,subtopic,platform,source_url,source_date,quote,living_context,problem,attempted_solution,failure_point,emotion,budget_constraint,rental_constraint,space_constraint,job_to_be_done,evidence_strength,exclusion_flag,notes
C1-001,Small-space zero-waste kitchen,Composting – smell/no browns,Reddit r/composting,https://www.reddit.com/r/composting/comments/w8l1lv/apartment_balcony_bucket_and_smell/,n.a. (undated in fetch),"""I have a 5 gallon bucket on my balcony that I fill and then take to a relative's who has a composter barrel thing... lately it seems like it is smelling worse than before... I don't have a lot of browns (bc no yard and very little paper products)"" [OP verbatim]","Apartment w/ balcony, no yard","Balcony compost bucket smells worse in summer; can't source ""browns"" without a yard/paper","Collect scraps in balcony bucket, haul to a relative's composter",Smell escalates; no browns to balance moisture,"Mild frustration (""worse than before"")",n.a.,n.a. (balcony use implied allowed),No yard; balcony-only,Keep a transfer compost bucket odor-free with limited materials,strong,"none — clear firsthand OP, on-topic",Undated; still a genuine firsthand account
C1-002,Small-space zero-waste kitchen,Bulk buying – cost/distance,Reddit r/ZeroWaste,https://www.reddit.com/r/ZeroWaste/comments/xea1b3/anybody_else_give_up_on_zero_waste_groceries/,n.a. (undated in fetch; food-inflation era),"""In the worst period of food inflation for decades I can barely afford normal groceries or gas, let alone driving 2 hours to the nearest bulk shop to buy overpriced 'eco-friendly' food."" [OP verbatim]","Renter, car-dependent to reach bulk store",Bulk/zero-waste groceries too far and too expensive,"Tried refillable deodorant, bamboo toothbrush, reusable cups/bags","Groceries were ""90% of my waste"" and the bulk store is 2h away + marked up","Strong: near-giving-up, resentment (""I'm starting to hate the people that mark up eco friendly..."")","Severe — food inflation, gas cost",n.a.,n.a.,Do zero-waste groceries affordably without a long drive,strong,none,"Classic ""give up"" post; high emotional signal"
C1-003,Small-space zero-waste kitchen,Composting – landlord/building removed program,Reddit r/composting,https://www.reddit.com/r/composting/comments/1ox6r3e/apartment_complex_removed_compost_bins/,2025-11-14,"""What surprised me was the quiet removal of all compost bins from the trash room... I was informed that pest control had advised their removal, and they've decided to discontinue the composting program."" [OP verbatim]","Apartment complex (new build), renter",Building removed shared compost bins citing pest control,Relied on building's on-site compost program,Management killed the program; renter has no fallback,"Disappointment (""I'm quite disappointed because composting is very important to me"")",n.a.,Yes — building/management controls composting access,"Multi-family building, no private outdoor space",Keep composting when the landlord removes the program,strong,none,Direct landlord/building-restriction evidence
C1-004,Small-space zero-waste kitchen,Composting – pests (ants/fruit flies),Reddit r/composting,https://www.reddit.com/r/composting/comments/1lxr4bt/battling_ants_and_fruit_flies_in_an_apartment/,2025-07-12,"Title: ""Battling ants and fruit flies in an apartment compost bin….."" (OP body was [deleted])",Apartment,Ants and fruit flies in apartment compost bin,Small bin (comments suggest ~5-gal too small),OP body deleted; pest problem stated in title only,"Implied struggle (""Battling"")",n.a.,n.a.,Small indoor bin,Prevent pests in an indoor/apartment compost bin,moderate,PARTIAL — OP body deleted; title-only + paraphrased comments,Title is genuine; kept for the pest signal but body is gone
C1-005,Small-space zero-waste kitchen,"Dishwashing – no dishwasher, budget, storage",Reddit r/ZeroWaste,https://www.reddit.com/r/ZeroWaste/comments/1s9kdel/lowwaste_dishwashing_on_a_budget_which_swaps/,2026-04-01,"""I live in a small city apartment without a dishwasher and have a tiny sink... my sponges tend to wear out quickly, and the accumulation of plastic dish soap bottles is a concern... I'm seeking practical solutions for handwashing dishes that minimize waste and don't require additional storage."" [OP verbatim]","Small-city apartment, no dishwasher, tiny sink",Low-waste dishwashing that is cheap AND needs no extra storage,Switched to rags over paper towels; tried cloths/scrubbers,"Sponges wear out fast; cloth scrubbers ineffective; ""tempting to give up""","Near-quitting (""makes it tempting to give up"")","Yes — ""tight budget""",n.a.,"Tiny sink, no extra storage space","Cheap, space-free, low-waste dishwashing without a dishwasher",strong,none — near-perfect fit for cluster,Explicitly ties budget + space + no-dishwasher
C1-006,Small-space zero-waste kitchen,Bulk buying – is it worth it / distance,Reddit r/ZeroWaste,https://www.reddit.com/r/ZeroWaste/comments/1igc1ap/bulk_buy_and_zero_waste_not_sure_it_is_best/,2025-02-03,"""Currently, my only alternatives for bulk purchases involve driving at least two hours to find another bulk store or ordering online from a supplier located thousands of kilometers away."" [OP verbatim]","Small town (Canada — east coast, flagged non-US)",Local bulk store closed; questions whether bulk is truly lower-waste,Bought largest packages; made own pasta when possible,2h drive or cross-country shipping negates benefit; can't make all pasta shapes,"Doubt/ambivalence (""Not sure it is best sometimes"")",Implied (distance/shipping cost),n.a.,n.a.,Decide if bulk is worth it without a nearby store,moderate,GEO FLAG — Canada; but broadly useful reasoning,"Keep for the ""is bulk actually better"" job-to-be-done"
C1-007,Small-space zero-waste kitchen,"Composting – NYC curbside, freezer/space, smell, flies",Reddit r/Brooklyn,https://www.reddit.com/r/Brooklyn/comments/1k5b5lr/how_are_you_all_dealing_with_composting_in/,2025-04-22,"""I keep facing the same challenges: odors, fruit flies, and uncertainty about where to store scraps in the meantime. Living in a compact apartment, I don't have much freezer space available."" [OP verbatim]","Compact Brooklyn apartment, NYC curbside compost",Odor + fruit flies + no freezer room to stage scraps,Following NYC curbside composting,Recurring smell/flies; nowhere to store scraps between drop-offs,"Looking to ""simplify""; frustration with recurring issues",n.a.,"n.a. (city program, building brown bins)",Compact apartment; limited freezer,Stage compost scraps in a tiny apartment without smell/flies,strong,"none — 87 upvotes, 191 comments (high engagement)",Strong demand signal via engagement
C1-008,Small-space zero-waste kitchen,Small-kitchen storage vs cook-from-scratch,Reddit r/declutter,https://www.reddit.com/r/declutter/comments/17zauzp/small_kitchen_small_condo_no_storage_i_dont_know/,n.a. (undated in fetch),"""I try to cook all meals at home…from scratch…while also trying to save money buying in bulk, cooking in bulk, and storing meals ready to be reheated... Should I just give up? At least until I get into a bigger space. This small dwelling living has got me wanting to just eat out daily."" [OP verbatim]","Small condo, small kitchen, no storage",Cook-from-scratch + bulk cooking overwhelms tiny kitchen storage,"Batch cooking, bulk buying, multiple appliances (culled some)",No room to store bulk/appliances; wants to give up and eat out,"Strong: ""Should I just give up?""; wants to ""eat out daily""","Yes — cooking to ""save money""",Condo (owner-ish),"Very small kitchen, ""no storage""",Reconcile cook-from-scratch/bulk with tiny-kitchen storage,strong,none,Ties waste-reduction cooking behavior to space defeat
C1-009,Small-space zero-waste kitchen,"Dishwashing – scrubbers/tools, no dishwasher",Reddit r/ZeroWaste,https://www.reddit.com/r/ZeroWaste/comments/1syfana/how_are_you_washing_your_dishes_no_dishwasher/,2026-04-28,"""Currently, I'm utilizing eco-friendly dish soap along with bamboo brushes... However, I've found that they struggle with tougher stains on pots, pans, and other dishes... I've come across copper and stainless steel scrubbers, but I've also been warned that they might scratch surfaces."" [OP verbatim]","Hand-wash household, no dishwasher",Compostable/low-waste scrubbers can't handle baked-on food,"Bamboo brushes (compostable, ~4–6 mo)",Brushes fail on tough stains; metal scrubbers may scratch,Mild; seeking recommendations,n.a.,n.a.,n.a. (no-dishwasher),Find low-waste scrubbing tools that actually work,strong,none,"21 upvotes, 33 comments"
C1-010,Small-space zero-waste kitchen,Composting-in-hallway / neighbor smell / lease,Reddit r/Apartmentliving,https://www.reddit.com/r/Apartmentliving/comments/1o3zpvh/my_neighbor_leaves_her_garbage_and_smelly_compost/,2025-10-11,"""I can't leave my apartment without being overwhelmed by the smell of garbage. It's clearly a violation of our lease... I mentioned the compost that had been left in the hallway for days during the hot summer."" [OP verbatim]","Apartment, shared entrance",Neighbor's staged compost/garbage stinks up shared hallway; lease issue,Talked to neighbor once,Nothing improved; hesitant to report,"Strong: ""overwhelmed,"" ""So frustrating!""",n.a.,Yes — lease rules on hallway/garbage,Shared common area; nowhere clean to stage compost,Stage compost without violating lease / annoying neighbors,strong,"PARTIAL — this is the *complainant*, i.e. secondhand view of composter's behavior; still evidence of real friction (smell/lease)","3,778 upvotes — huge engagement on the smell/lease pain"
C1-011,Small-space zero-waste kitchen,Composting – renter constraints checklist,Reddit r/composting,https://www.reddit.com/r/composting/comments/sy50lb/renter_friendly_compost/,n.a. (undated in fetch),"""I live in a rented townhouse with a yard... The important thing is that my landlord is happy with it. Which compost system would be best for the following criteria? Cannot attract ANY pest. cannot emmit odor. cannot be an eyesore/draw complaints from the neighbors. Must be safe/clean"" [OP verbatim]",Rented townhouse w/ small yard,Needs a compost method a landlord/neighbors won't object to,Asking before starting,(pre-emptive) worried about pests/odor/eyesore/complaints,Cautious/anxious about landlord approval,n.a.,"Yes — ""landlord is happy,"" neighbor complaints",Small yard,Choose a renter-safe compost system landlords accept,strong,none,"Explicit renter-approval framing (rare, valuable)"
C1-012,Small-space zero-waste kitchen,"Composting – freezer staging mess, high-rise",Reddit r/ZeroWaste,https://www.reddit.com/r/ZeroWaste/comments/1j3p58a/freezing_compost_saved_me_from_flies_but_now_its/,2025-03-04,"""I save my kitchen scraps in the freezer... I typically repurpose plastic containers... but I find it really challenging to extract the compost from them. I've attempted to thaw the scraps, but they end up soggy and messy. Even with gloves on, it feels uncomfortable and unclean... My partner and I often argue about who gets stuck with compost duty, especially since we live on the fifth floor!"" [OP verbatim]","NYC apartment, 5th floor, cooks at home",Freezing stops flies but thawed scraps are soggy/messy to empty; 5-floor haul,Freeze scraps in reused containers/TJ's bags,Messy extraction; gloves still gross; stair hauling; chore-fight,"Strong: ""uncomfortable and unclean,"" partner arguments",Implied (reusing containers),n.a.,Limited freezer; 5th-floor walk-up friction,Stage & haul frozen compost cleanly from a high floor,strong,none — 105 upvotes,Excellent multi-constraint firsthand record
C1-013,Small-space zero-waste kitchen,No dishwasher – hate cooking / dishes pile,Reddit r/LivingAlone,https://www.reddit.com/r/LivingAlone/comments/1qaawmi/i_have_an_extremely_small_kitchen_with_no/,2026-01-11,"""my galley kitchen is a bit of a joke. I don't even have a full-sized refrigerator! There are only two counters, each just 6 inches wide... I absolutely despise the mess it creates... dishes that often sit in the sink for days... Living with chronic pain makes dishwashing a struggle, so I try to minimize the number of dishes I use. I miss having a dishwasher so much."" [OP verbatim]","Tiny galley kitchen, no dishwasher, no full fridge",Extreme space + no dishwasher makes low-dish cooking a coping strategy,Minimizes dishes used; clears island for prep,Dishes pile for days; chronic pain worsens it; can't use rice cooker/kettle (no counter),"Very strong: ""LOATHE,"" ""despise,"" ""I just need a hug""",n.a.,n.a.,"6-inch counters, no dishwasher, no full fridge",Cook & clean with almost no counter and no dishwasher,strong,none,45 upvotes; vivid emotional + space detail
C1-014,Small-space zero-waste kitchen,Bulk – store won't allow own bags/containers,Reddit r/ZeroWaste,https://www.reddit.com/r/ZeroWaste/comments/1kfj8ow/alternative_to_provided_plastic_bulk_goods_bag_at/,2025-05-05,"""Is it possible to bring your own bag when purchasing bulk items at Winco?... I'm considering using natural fiber bags, but since they aren't transparent, I'm concerned about fine particles spilling out and creating a mess. That would likely annoy the cashier."" [OP verbatim]",Shopper at Winco (US),Store bulk policy discourages/forbids own containers,Considering natural-fiber reusable bags,Non-transparent bags cause mess/cashier friction; (a commenter notes Winco prohibits own containers),Mild worry about hassle/embarrassment,Implied,n.a.,n.a.,Buy bulk waste-free when the store restricts containers,moderate,none for OP; comment claims are paraphrased,Real store-policy friction; OP verbatim is solid
C1-015,Small-space zero-waste kitchen,Vermicomposting indoors – odor worry,Reddit r/Vermiculture,https://www.reddit.com/r/Vermiculture/comments/pm81xr/question_about_vermiculture_inside_my_apartment/,2021-09-11,"""I'm interested in starting a worm bin in my apartment. I have ample indoor space, but no outdoor area available. If managed correctly, will I encounter any odor issues?"" [OP verbatim]","Apartment, indoor space, no outdoor",Wants worm bin but fears indoor odor,(pre-start) researching,(pre-emptive) odor uncertainty,Cautious,n.a.,n.a.,No outdoor area,Run an odor-free indoor worm bin,moderate,none,Pre-purchase intent + odor anxiety
C1-016,Small-space zero-waste kitchen,"Composting – odor-sensitive household, no local drop-off",Reddit r/composting,https://www.reddit.com/r/composting/comments/1psv9ai/is_bokashi_compost_the_right_path_for_our/,2025-12-22,"""My mom has a condition that makes her very sensitive to odors, so we're considering whether bokashi composting would be suitable for us. Since there aren't any community composting options nearby..."" [OP verbatim]","Apartment, odor-sensitive household",Needs an odor-free method; no nearby drop-off,Considering bokashi,(pre-start) unsure if truly odor-free; no drop-off fallback,Concern for family member,n.a.,n.a.,Apartment,Compost odor-free with no local drop-off option,moderate,none,"Distinct ""odor-sensitive + no drop-off"" angle"
C1-017,Small-space zero-waste kitchen,"Composting – high-rise logistics, full freezer, energy",Reddit r/AskNYC,https://www.reddit.com/r/AskNYC/comments/1kcy7lt/how_are_high_rise_residents_dealing_with/,2025-05-02,"""The compost bin in my building is situated on the ground level, which makes it impractical for me to head downstairs to dispose of scraps after each meal... my freezer is usually packed. I've also come across countertop composters that cook the waste, but they consume a significant amount of energy, which seems to contradict the principles of composting."" [OP verbatim]",NYC high-rise,Ground-floor bin is far; freezer full; electric composter energy guilt,Considering freezer staging / electric composter,Freezer full; stairs/elevator trips; energy contradicts values,"Frustration; ""smell like a landfill in the heat of summer""",Implied (electric composter cost/energy),n.a.,Full freezer; high-rise distance,Compost from a high-rise without freezer room or energy guilt,strong,none — 59 upvotes,Distinct high-rise logistics + energy-skeptic angle
C1-018,Small-space zero-waste kitchen,"Composting – frozen scraps overflow, no garden allowed",Reddit r/composting,https://www.reddit.com/r/composting/comments/angw71/what_do_i_do_with_my_frozen_food_scraps_i_live_in/,2019-02-05,"""since I live in an apartment, I'm not allowed to cultivate plants or maintain a garden, and having a large compost bin isn't feasible. Unfortunately, the frozen scraps are beginning to occupy a lot of space in my freezer, and I'm feeling a bit lost about what to do next."" [OP verbatim]","Apartment (Houston), no garden allowed",Freezer scraps overflow; lease bars gardening; no room for bin,Freezing scraps; later used ShareWaste to hand off,Freezer fills; lease restriction; nearest community garden 40 min away,"""feeling a bit lost""",n.a.,"Yes — ""not allowed to cultivate plants or maintain a garden""",Small freezer; no bin space,Offload frozen scraps when you can't garden or store them,strong,"GEO note: Houston, US; older (2019) but on-point",Explicit lease-restriction + ShareWaste solution
C2-001,Budget sustainable habits for renters,Roommate conflict over eco swaps / cost-sharing,Reddit r/AmItheAsshole,https://www.reddit.com/r/AmItheAsshole/comments/15rhv36/aita_for_not_wanting_to_subsidize_my_roommates/,Post 2023-08-15 (from fetched metadata),"""She wants to install solar panels on our small balcony to generate power, even though it's a rented apartment."" / ""some of her suggestions have stretched my budget""",22F sharing a 2-bed apartment in Denver,"Roommate's eco upgrades (solar, water filter, beeswax wraps, DIY toiletries) are expensive and pushed onto shared budget without asking",Push back on splitting costs,Cost & consent conflict; renter can't install solar anyway,"Frustration, feeling cornered (""weird position"")","Yes — ""stretched my budget,"" ""can't always split the costs""","Yes — ""even though it's a rented apartment""","Yes — ""small balcony""",Live sustainably in shared rental without one roommate imposing costs,Strong,No,"Excellent for ""eco on a budget WITH roommates"" + ""renters can't install solar"""
C2-002,Budget sustainable habits for renters,Shared housing / roommate waste,Reddit r/ZeroWaste,https://www.reddit.com/r/ZeroWaste/comments/xwyaqd/struggling_with_roommates_excessive_waste_vent/,Post 2022-10-06 (from fetched metadata),"""I wish I could live with more like-minded people, but that's not an option right now."" / ""I'm losing my mind.""",Shared housing with a wasteful roommate,Roommate orders from Amazon and throws away usable items monthly,"Rescue items from trash, organize donation drives, talk to them",Roommate keeps discarding; OP feels powerless,"Distress, ""it really hurts to see,"" ""losing my mind""",Implied (can't afford to move to better housemates),"Yes — shared rental, can't choose housemates",n.a.,Reduce household waste when you don't control your housemates,Strong,No,"Emotional language strong; core ""roommates not on board"" job"
C2-003,Budget sustainable habits for renters,Shared utilities / energy waste conflict,Reddit r/AmItheAsshole,https://www.reddit.com/r/AmItheAsshole/comments/1naj4ql/aita_for_not_wanting_to_subsidize_my_roommates/,Post 2025-09-07 (from fetched metadata),"""As a graduate student on a tight budget, I need to keep a close eye on my expenses."" / ""Unfortunately, moving out isn't a viable option for me, as this is the most affordable living arrangement I can find.""","Grad student sharing an apartment, splits utilities equally","Roommate runs AC at 68°F all night + daily dryer loads, spiking the shared electric bill","Asked roommate to reduce AC/dryer use, requested bill PDFs",Roommate refuses to change habits,"Anxiety about money; ""overreacting"" accusation","Yes — ""tight budget,"" ""most affordable arrangement""","Yes — shared lease, landlord raising rent 4%",n.a.,Cut a shared electric bill when a roommate wastes energy,Strong,No,Ties energy-saving + budget + shared-utility metering directly
C2-004,Budget sustainable habits for renters,Recycling access in rentals,Reddit r/ZeroWaste,https://www.reddit.com/r/ZeroWaste/comments/1d4zuyd/no_recycling_options_at_my_apartment_complex/,Post 2024-05-31 (from fetched metadata),"""I live in a Chicago suburb, in an apartment complex that has a trash dumpster but no recycling options."" / ""I'm not on the lease, so making changes is a bit risky.""","Apartment complex, Chicago suburb; renter not on the lease",No recycling provided; wants to recycle but fears rocking the boat,Considering options; hauling recyclables elsewhere,Landlord controls service; not on lease = limited leverage,"Frustration, caution (""a bit risky"")",Implied budget for private pickup,"Yes — landlord won't provide, ""not on the lease""",n.a.,Recycle when your building offers no recycling and you can't demand changes,Strong,No,"Strong US example; captures ""no leverage as renter"""
C2-005,Budget sustainable habits for renters,Recycling access in rentals,Reddit r/pittsburgh,https://www.reddit.com/r/pittsburgh/comments/1o1hl2z/landlord_doesnt_offer_recycling/,Post 2025-10-08 (from fetched metadata),"""I relocated to Pittsburgh around two months ago, and shortly after settling in, I discovered that my landlord only provides trash disposal, with no option for recycling.""","New renter, Pittsburgh apartment building",Landlord provides only trash; no recycling,Contacted 311 to check legal obligation,Enforcement/uncertainty; up to landlord,Disappointment,n.a.,Yes — landlord-controlled waste service,n.a.,Recycle as a new renter when landlord provides only trash,Strong,No,"Recent (2025), US, very on-topic"
C2-006,Budget sustainable habits for renters,Recycling access in rentals,Reddit r/SantaMonica,https://www.reddit.com/r/SantaMonica/comments/x8b913/landlord_doesnt_provide_recycling/,n.a. (thread date not exposed in fetched page),"""My apartment building doesn't have any dumpster for recycling or compost.""","Apartment building, Santa Monica CA",No recycling OR compost bin at building,Asking community for options,Landlord hasn't provided; city defers to landlord,Frustration (implied),n.a.,Yes — building has no recycling/compost,n.a.,Recycle and compost when the building provides neither,Moderate,No,Adds the compost-access angle; OP statement short
C2-007,Budget sustainable habits for renters,Recycling access / policy frustration,Reddit r/providence,https://www.reddit.com/r/providence/comments/1gvfhy9/no_recycling_from_these_landlords_huh/,Post 2024-11-20 (from fetched metadata),"""It's shocking that there's no legal obligation for them to offer recycling bins or collection services. I really dislike having to toss my recyclables in the garbage.""","Renter, Providence RI",Landlords not required to provide recycling; forced to trash recyclables,Venting; considering advocacy,No legal recourse; enforcement gap,"""Shocking,"" ""really dislike,"" ""huge letdown""",n.a.,Yes — landlord not obligated to recycle,n.a.,Avoid trashing recyclables when no service exists,Strong,No,Strong emotional + policy-friction language
C2-008,Budget sustainable habits for renters,Composting with no yard/space,Reddit r/AskReddit,https://www.reddit.com/r/AskReddit/comments/i77rlv/people_of_reddit_why_dont_you_compost/,n.a. (thread date not exposed in fetched page),"""I don't have a backyard or any extra space whatsoever."" (also: ""Because I live in an apartment."")","Apartment dwellers, no yard","Can't compost — no backyard, nowhere to store it",n.a.,No space; no storage,Resignation,n.a.,Implied (apartment),"Yes — ""no extra space whatsoever,"" ""no where to store it""",Compost when you have no yard and no space,Moderate,No,Multiple corroborating comments; one commenter is UK (3rd floor) — US comments used
C2-009,Budget sustainable habits for renters,Deposit-safe / reversible swaps,Reddit r/LifeProTips,https://www.reddit.com/r/LifeProTips/comments/8q52ls/lpt_if_youre_a_renter_with_low_water_pressure_buy/,n.a. (thread date not exposed in fetched page),"OP: ""Also, keep the shower head that was in the home and swap it back in at the end of your lease."" / commenter: ""I will make the time to put them back when I move out.""",Renters swapping fixtures,Want a better/efficient fixture but must not lose deposit or upset landlord,"Buy own fixture, keep original, swap back at move-out","Effort/remembering to reverse; ""worth $30 to buy a new showerhead"" instead","Practical, matter-of-fact",Yes — weighing $30 cost,Yes — must restore original at move-out,n.a.,Upgrade/change a rental fixture reversibly to protect the deposit,Strong,No,"Directly evidences ""deposit risk / reversible change"" JTBD (water fixtures)"
C2-010,Budget sustainable habits for renters,Cutting electric bill / DIY insulation,Reddit r/Frugal,https://www.reddit.com/r/Frugal/comments/1u1cdjp/what_helped_you_bring_down_your_electric_bill_in/,Post 2026-06-09 (from fetched metadata),"OP: ""Beyond improving window treatments or possibly adding insulation, what other strategies could yield noticeable savings?"" / commenter: ""I managed to weather strip my entire apartment for around $20.""",Renter apartment,"High electric bill; wants cheap, renter-safe ways to save","Weather stripping (~$20), 3M shrink window film, insulated curtains, UV film, unplugging",Some measures limited by landlord-owned windows/seals; must talk to management,"Practical, mild frustration (""not true insulated ones"")","Yes — ""$20,"" cost-conscious","Yes — ""discuss it with your management office"" for seals",Implied small apartment,Lower the electric bill cheaply without renovating a rental,Strong,No,"Rich, recent, budget + renter-safe measures with prices"
C2-011,Budget sustainable habits for renters,Eco-friendly in a rental (can't install solar),Reddit r/EcoFriendly,https://www.reddit.com/r/EcoFriendly/comments/njzt3w/how_to_be_ecofriendly_in_a_rental_apartment/,Post 2021-05-24 (from fetched metadata),"OP: ""I'm seeking tips on how to adopt eco-friendly practices while living in a rental apartment."" / commenter: ""Since it's a rental apartment you can't really make major changes like install a smart central heating system or switch to solar (which is also pretty expensive)...""",Rental apartment,Wants to be eco but can't make structural changes,"Behavioral: reduce water/electricity, eat less meat, air-dry, bar soap, grow food",Structural upgrades off-limits; solar too expensive,"Earnest, ""little steps!""","Yes — solar ""pretty expensive""","Yes — ""can't really make major changes""",Implied,Be eco in a rental without structural changes or big spend,Strong,No,Textbook cluster statement of the core constraint
C2-012,Budget sustainable habits for renters,Studio small-space + budget habits,Reddit r/ApartmentHacks,https://www.reddit.com/r/ApartmentHacks/comments/1pqwioj/savvy_ways_to_save_money_and_space_in_a_studio/,Post 2025-12-19 (from search metadata; page not individually fetched for OP quote),"""Opt for reusable towels in place of paper towels and purchase your cleaning products from a dollar store."" / ""Purchasing in large quantities can be challenging when storage options are limited.""",Studio apartment dweller,Save money + space simultaneously; can't bulk-buy,"Reusables, dollar-store products, thrifting, second-hand, minimal furniture",Limited storage blocks bulk-buying (a common eco tactic),"Practical, resourceful","Yes — dollar-store, thrifting",Implied,"Yes — ""storage options are limited,"" studio",Be sustainable AND frugal in a studio's tight space,Moderate,No,"Quote taken from search-result summary, not a direct fetch — labeled; verify before publishing as a quote"
C2-013,Budget sustainable habits for renters,Apartment sustainability tips (no compost space),Reddit r/ZeroWaste,https://www.reddit.com/r/ZeroWaste/comments/uvpf3t/apartment_sustainability_tips/,n.a. (thread date not exposed in fetched page; quote from search summary),"""Due to the small nature of my apartment and no access to free outdoor space, I can't really compost inside my apartment, but I do collect my compostable food scraps in a container in my freezer...""","Small apartment, no outdoor space",Can't compost indoors; no outdoor access,"Freeze scraps, drop at farmers market; hang-dry clothes; buy second-hand","Requires nearby drop-off; hang-drying towels ""get crunchy""","Practical, adaptive",Implied,Yes — rental,"Yes — ""small nature of my apartment,"" no outdoor space",Compost/reduce waste with no space and limited free options,Moderate,No,Quote from search summary — verify by direct fetch before quoting publicly
C3-001,Sustainable small-space decor,Decorating without wall damage,Reddit r/Apartmentliving,https://www.reddit.com/r/Apartmentliving/comments/1opgr9w/help_us_decorate_our_new_ugly_apartment_on_low/,2025-11-05,"""We're renting, so we can't drill holes, paint, or remove any furniture.""","Rented apartment shared with partner, ""ugly"" unit",Can't personalize the space at all under lease rules; unit in poor shape,Considered plants and rugs,"""rugs... can be quite expensive""; cat kills plants","""I was so frustrated because I really can't stand this apartment.""","Yes — ""tight budget""; rugs ""expensive""",Yes — no drilling/paint/furniture removal,"Implied small unit, furnished with fixed pieces",Make a rented unit feel like home cheaply without breaking lease,strong,no,Genuine detailed firsthand post; emotion + budget + rental all explicit
C3-002,Sustainable small-space decor,Decorating without wall damage,Reddit r/femalelivingspace,https://www.reddit.com/r/femalelivingspace/comments/1je4i0c/ideas_please_how_to_decorate_blank_wall_of_rental/,2025-03-18,"""my rental agreement prohibits the use of adhesive materials or drilling holes.""","Rental living room, blank wall","Lease bans BOTH adhesives and drilling — removes the usual ""renter hacks""",Asking for no-stick/no-drill ideas,n.a. (seeking solutions),Neutral/seeking,n.a.,Yes — no adhesives AND no drilling,Blank wall to fill,Decorate a wall when even command strips are banned,strong,no,"Important: shows ""command strips"" is NOT a universal fallback"
C3-003,Sustainable small-space decor,Adhesive/removable methods fail,Reddit r/HomeDecorating,https://www.reddit.com/r/HomeDecorating/comments/wrl75z/renterfriendly_ways_to_decorate_walls/,2022-08-16 (index date),"""Test command strips and removable wallpaper before going wild. Both took the paint off my rented apartment's wall, even with extreme care... this one cost me a security deposit.""","Strict apartment, ""cannot put *any* holes of any size""","""Renter-friendly"" products damaged wall and cost a deposit","Command strips + removable wallpaper, applied carefully",Pulled paint off; lost security deposit,"Regret / caution (""even with extreme care"")",Yes — lost security deposit,Yes — no holes allowed,Accent wall in living room,Decorate walls without losing the deposit,strong,no,"Directly documents the ""renter-safe product isn't safe"" failure"
C3-004,Sustainable small-space decor,Adhesive/removable methods fail,Reddit r/Renters,https://www.reddit.com/r/Renters/comments/1fguqmg/renter_friendly_ways_to_decorate/,2024-09-14,"""I've had issues with command strips causing wall damage, despite their claims to be safe for walls.""","New apartment, wants to personalize","Command strips damaged walls despite ""safe"" marketing",Command strips,Wall damage,Wary; deposit-anxious,"Yes — ""get my security deposit back""",Yes — deposit at risk,n.a.,Find truly damage-free wall decor,strong,no,Second independent report of the same product failure
C3-005,Sustainable small-space decor,Landlord bans paint/wallpaper,Reddit r/renting,https://www.reddit.com/r/renting/comments/1mcqx6h/how_can_i_spruce_ill_my_walls_when_my_landlord/,2025-07-29,"""the management informed me that painting or wallpapering is not permitted, even if I plan to restore it before moving out.""","Just-signed lease, tan/yellow walls disliked",Explicit ban on paint AND wallpaper even if restored,Asked management; considering peel-and-stick/decals,"Unsure peel-and-stick is allowed; ""feeling stuck""","""leaves me feeling stuck""; ""I'm just scared"" of inspection",n.a.,"Yes — no paint/wallpaper, inspection fear","Whole apartment, dull walls",Add character within strict lease limits,strong,no,"""people want to live in a place that feels like home, not... a temporary home"""
C3-006,Sustainable small-space decor,Secondhand furniture / bed-bug fear,Reddit r/Frugal,https://www.reddit.com/r/Frugal/comments/1czs3oz/is_thrifting_worth_it_with_potential_bedbug_risk/,2024-05 (index),"""i have developed a fear of bedbugs... it just disappoints me when i find good quality, cheap items that i can't bring home.""","Low income (""i make $27,000 a year"")",Bed-bug fear blocks buying cheap/quality secondhand,Considered dryer/freezing treatments,"""freezing is tenuous and i don't own a remote thermometer""; dryer may ""shrink... damage""",Disappointment; fear,Yes — explicitly $27k/yr income,n.a.,n.a.,Buy affordable secondhand safely without bed-bug risk,strong,no,Ties budget + secondhand + bed-bug fear together in one voice
C3-007,Sustainable small-space decor,Secondhand furniture / bed-bug fear,Reddit r/Frugal,https://www.reddit.com/r/Frugal/comments/1czs3oz/is_thrifting_worth_it_with_potential_bedbug_risk/,2024-05 (index),"""So no soft goods, no pillows and nothing that touches a bed. No upholstered furniture. I would also avoid wood furniture.""",Commenter advising a fearful thrifter,Perceived risk pushes people to avoid whole furniture categories secondhand,Category avoidance rule of thumb,"Rules out most furniture, undermining secondhand as a strategy",Cautious/risk-averse,n.a.,n.a.,Limits which secondhand pieces fit a small home,"Decide which secondhand items are ""safe""",moderate,no,Shows fear shrinks the practical secondhand catalog
C3-008,Sustainable small-space decor,Secondhand furniture / bed-bug fear,Reddit r/Frugal,https://www.reddit.com/r/Frugal/comments/1czs3oz/is_thrifting_worth_it_with_potential_bedbug_risk/,2024-05 (index),"""My son bought a recliner that was infested with bedbugs but never had problem with clothes. Just check them super closely.""",Parent recounting real infestation,Real (not hypothetical) bed-bug event from used upholstered furniture,Close inspection,Infestation still happened,Alarm,n.a.,n.a.,Large upholstered piece,Avoid bringing pests home with used furniture,moderate,no,Firsthand account that the fear is sometimes realized
C3-009,Sustainable small-space decor,Sustainable = expensive / affordability,Reddit r/sustainability,https://www.reddit.com/r/sustainability/comments/12eun07/sustainable_products_are_expensive/,2023-04 (index),"""Sometimes I can't afford the sustainable alternative... I just let it go. If I can't afford it, I can't afford it.""",Budget-conscious consumer,Sustainable options priced out of reach,Buying conventional cheaper option instead,Can't justify the premium,"Resignation (""let it go"")",Yes — explicit affordability barrier,n.a.,n.a.,Reconcile eco values with a tight budget,moderate,no,Broadly useful (not furniture-specific); geography not stated
C3-010,Sustainable small-space decor,Sustainable = expensive / secondhand as cheaper eco route,Reddit r/sustainability,https://www.reddit.com/r/sustainability/comments/12eun07/sustainable_products_are_expensive/,2023-04 (index),"""for many categories (electronics, fashion, furniture etc) second hand or renewed is the most sustainable and often cheaper option.""",Commenter reframing the tradeoff,"New ""sustainable"" furniture is costly; secondhand is the affordable-eco bridge",Buy secondhand / renewed,"(offered as solution, not a failure)",Pragmatic,Yes — cost is the driver,n.a.,n.a.,Be eco AND cheap via secondhand furniture,moderate,no,Supports ETLH's core thesis that secondhand ≈ affordable + eco
C3-011,Sustainable small-space decor,"Greenwashing / ""worth it or hype""",Reddit r/BedroomBuild,https://www.reddit.com/r/BedroomBuild/comments/1s9jtlb/sustainable_bedroom_furniture_worth_it_or_just/,2026-04-01,"""I'm willing to pay extra if the piece endures and is environmentally friendly, but I don't want to fall for greenwashing.""",Shopper choosing bed frame/dresser,"Can't tell real sustainability (solid/reclaimed wood, bamboo, low-VOC) from marketing",Reading labels; asking for real experiences,"""hard to know what will last and actually benefit the planet""",Skepticism / decision-paralysis,Willing to pay more IF verifiable,n.a.,Bedroom furniture,Verify a piece is genuinely sustainable before buying,moderate,no,Low engagement thread (2–3 replies); treat as directional
C3-012,Sustainable small-space decor,Reclaimed/eco quality disappointment,Reddit r/BedroomBuild,https://www.reddit.com/r/BedroomBuild/comments/1s9jtlb/sustainable_bedroom_furniture_worth_it_or_just/,2026-04-01,"""the reclaimed nightstand I received was very uneven. It really feels like some of the marketing is just hype.""",Buyer of bamboo bed + reclaimed nightstand,Eco-marketed reclaimed piece was low quality,Bought bamboo + reclaimed items,Reclaimed item uneven/wobbly,"Disappointment; distrust of ""hype""",Paid a premium,n.a.,n.a.,"Get durable eco furniture, not greenwashed junk",weak,no,"Small thread, possibly low-traffic sub; corroborated by 2 other commenters"
C3-013,Sustainable small-space decor,Secondhand piece too big for small space,Reddit r/malelivingspace,https://www.reddit.com/r/malelivingspace/comments/1brfhta/bought_oversized_furniture_for_a_small_studio/,2024-03-30,"""I bought a bed, wardrobe, and dresser that are too large for my attic apartment because I found a great deal on used pieces... now the space feels a bit tight.""",Small attic apartment,Cheap used furniture bought for the deal doesn't fit the small space,Bought used to save money,Pieces too big; room cramped; can't swap them out,"Mild regret (""😅😔"")","Yes — bought used ""great deal""",n.a.,"Yes — small attic; ""even a 140 cm wide bed can't fit""",Fit secondhand furniture into a small footprint,moderate,no,**Geography flag:** metric (180×200 cm) suggests non-US; still a broadly-useful problem — label geography
